,Model,Dataset,Precision,Recall,F1-score,False Benign Rate / FNR,False Malicious Rate / FPR
0,PhishSense-v2,train,0.8873212214920758,0.8890395042602633,0.8881795318243374,0.04564315352697095,0.11096049573973664
1,PhishSense-v2,test,0.7566452795600367,0.7484134179510427,0.7525068368277119,0.09686245895658518,0.2515865820489574
2,PhishSense,test,0.6483644859813084,0.4975347377857463,0.5630230788739539,0.11031702400586403,0.5024652622142537
